{
  "assetsByChunkName": {
    "component---src-pages-index-js": [
      "component---src-pages-index-js-cd4aa26cee3990dddc07.js",
      "component---src-pages-index-js-cd4aa26cee3990dddc07.js.map"
    ],
    "path---": [
      "path----cf3f5e3d48e47a3fe4b6.js",
      "path----cf3f5e3d48e47a3fe4b6.js.map"
    ],
    "component---src-layouts-index-js": [
      "component---src-layouts-index-js-31dd90710b5bf95767e5.js",
      "component---src-layouts-index-js-31dd90710b5bf95767e5.js.map"
    ],
    "path---index": [
      "path---index-a0e39f21c11f6a62c5ab.js",
      "path---index-a0e39f21c11f6a62c5ab.js.map"
    ],
    "component---src-pages-404-js": [
      "component---src-pages-404-js-f6662393a31fb18d5e07.js",
      "component---src-pages-404-js-f6662393a31fb18d5e07.js.map"
    ],
    "commons": [
      "commons-eef92a68af65d2662677.js",
      "commons-eef92a68af65d2662677.js.map"
    ],
    "path---404-html": [
      "path---404-html-a0e39f21c11f6a62c5ab.js",
      "path---404-html-a0e39f21c11f6a62c5ab.js.map"
    ],
    "app": [
      "app-b3a3a635804c104f9c02.js",
      "build-js-styles.css",
      "app-b3a3a635804c104f9c02.js.map",
      "build-js-styles.css.map"
    ],
    "path---404": [
      "path---404-a0e39f21c11f6a62c5ab.js",
      "path---404-a0e39f21c11f6a62c5ab.js.map"
    ]
  }
}